loss,grad_norm,learning_rate,epoch,step,eval_loss,eval_accuracy,eval_precision_weighted,eval_recall_weighted,eval_f1_weighted,eval_runtime,eval_samples_per_second,eval_steps_per_second,train_runtime,train_samples_per_second,train_steps_per_second,total_flos,train_loss
0.9931817626953126,10.624855995178223,1.727777777777778e-05,0.8333333333333334,50,,,,,,,,,,,,,
,,,1.0,60,0.5790586471557617,0.9166666666666666,0.920571258806553,0.9166666666666666,0.9157641962520011,6.3569,18.877,1.258,,,,,
0.4276180648803711,5.183633327484131,1.45e-05,1.6666666666666665,100,,,,,,,,,,,,,
,,,2.0,120,0.08507125824689865,0.9916666666666667,0.9918699186991871,0.9916666666666667,0.9916653643798511,6.6405,18.071,1.205,,,,,
0.07129151344299317,0.30586177110671997,1.1722222222222224e-05,2.5,150,,,,,,,,,,,,,
,,,3.0,180,0.013661705888807774,0.9916666666666667,0.9918699186991871,0.9916666666666667,0.9916653643798512,6.3799,18.809,1.254,,,,,
,,,3.0,180,,,,,,,,,380.6206,7.567,0.946,71040622786560.0,0.41621991958883076
,,,3.0,180,0.013661705888807774,0.9916666666666667,0.9918699186991871,0.9916666666666667,0.9916653643798512,6.3676,18.845,1.256,,,,,
